resume_id,jd_id,label
R1_data_scientist,JD1_data_scientist,1
R1_data_scientist,JD2_backend_developer,0
R1_data_scientist,JD3_frontend_developer,0
R1_data_scientist,JD4_devops_engineer,0
R2_backend_engineer,JD1_data_scientist,0
R2_backend_engineer,JD2_backend_developer,1
R2_backend_engineer,JD3_frontend_developer,0
R2_backend_engineer,JD4_devops_engineer,0
R3_frontend_engineer,JD1_data_scientist,0
R3_frontend_engineer,JD2_backend_developer,0
R3_frontend_engineer,JD3_frontend_developer,1
R3_frontend_engineer,JD4_devops_engineer,0
R4_devops_engineer,JD1_data_scientist,0
R4_devops_engineer,JD2_backend_developer,0
R4_devops_engineer,JD3_frontend_developer,0
R4_devops_engineer,JD4_devops_engineer,1
R5_product_manager,JD1_data_scientist,0
R5_product_manager,JD2_backend_developer,0
R5_product_manager,JD3_frontend_developer,0
R5_product_manager,JD4_devops_engineer,0
