resume_id,candidate,text
R1,Aditi Sharma,"Computer Science student with experience in Python, Java, and Android
            development. Built a resume-matching tool using TF-IDF and cosine
            similarity in scikit-learn. Familiar with Pandas, NumPy, Git, and
            Streamlit for building interactive dashboards. Completed coursework
            in Data Structures, Algorithms, Database Management Systems, and
            Machine Learning. Solved 300+ problems on LeetCode and Codeforces."
R2,Rohan Verma,"Backend developer with 2 years of experience in Java, Spring Boot,
            and REST API design. Worked extensively with MySQL and PostgreSQL,
            Docker, and CI/CD pipelines using Jenkins. Some exposure to AWS
            (EC2, S3). Strong in object-oriented design and unit testing with
            JUnit."
R3,Priya Nair,"Data analyst skilled in Python, Pandas, NumPy, and SQL. Built
            dashboards in Tableau and Power BI. Experience with A/B testing,
            statistical analysis, and communicating insights to non-technical
            stakeholders. Basic familiarity with scikit-learn for regression
            and classification tasks."
R4,Karan Mehta,"Frontend engineer specializing in React, JavaScript, TypeScript,
            HTML, and CSS. Built responsive web applications and worked with
            REST and GraphQL APIs. Familiar with Figma for design handoff and
            Jest for testing. No formal machine learning background."
R5,Sneha Iyer,"Machine learning engineer with experience in Python, scikit-learn,
            TensorFlow, and NLP techniques including TF-IDF, word embeddings,
            and transformer models. Built text classification and semantic
            similarity systems. Comfortable deploying models with Flask and
            Streamlit, and working with Git and Docker."
